product,8l_sn,Wlan_Mac,Eth_Mac,BT_Mac,time
MIDI,2240LZ50VWB8,0881B2000E0F,0881B2000E10,0881B2000E11,8/10/2022 6:16
MIDI,2240LZ50VTR8,0881B2000C89,0881B2000C8A,0881B2000C8B,7/10/2022 2:55
MIDI,2240LZ50VTK8,0881B2000C9B,0881B2000C9C,0881B2000C9D,7/10/2022 3:48
MIDI,2240LZ50V7V8,0881B2000A77,0881B2000A78,0881B2000A79,5/10/2022 8:42
MIDI,2240LZ50V8F8,0881B2000A50,0881B2000A51,0881B2000A52,5/10/2022 9:45
MIDI,2240LZ50VSK8,0881B2000CF5,0881B2000CF6,0881B2000CF7,7/10/2022 5:55
MIDI,2240LZ50VR28,0881B2000D9D,0881B2000D9E,0881B2000D9F,7/10/2022 10:29
MIDI,2240LZ50VT78,0881B2000CC5,0881B2000CC6,0881B2000CC7,7/10/2022 5:00
MIDI,2240LZ50V868,0881B2000A68,0881B2000A69,0881B2000A6A,5/10/2022 8:16
MIDI,2240LZ50VTS8,0881B2000C86,0881B2000C87,0881B2000C88,7/10/2022 3:21
MIDI,2240LZ50VVK8,0881B2000CA1,0881B2000CA2,0881B2000CA3,8/10/2022 2:56
MIDI,2240LZ50V7U8,0881B2000A7D,0881B2000A7E,0881B2000A7F,5/10/2022 8:47
MIDI,2240LZ50MLF8,0881B2000A98,0881B2000A99,0881B2000A9A,5/10/2022 9:59
MIDI,2240LZ50VTH8,0881B2000CA4,0881B2000CA5,0881B2000CA6,7/10/2022 4:06
MIDI,2240LZ50V7S8,0881B2000A83,0881B2000A84,0881B2000A85,5/10/2022 9:54
MIDI,2240LZ50VVQ8,0881B2000BC8,0881B2000BC9,0881B2000BCA,6/10/2022 8:24
MIDI,2240LZ50V7R8,0881B2000A86,0881B2000A87,0881B2000A88,5/10/2022 9:26
MIDI,2240LZ50VS68,0881B2000E12,0881B2000E13,0881B2000E14,8/10/2022 6:24
MIDI,2240LZ50VSN8,0881B2000CE3,0881B2000CE4,0881B2000CE5,7/10/2022 5:37
MIDI,2240LZ50V858,0881B2000A6B,0881B2000A6C,0881B2000A6D,5/10/2022 8:21
MIDI,2240LZ50VTL8,0881B2000C98,0881B2000C99,0881B2000C9A,7/10/2022 3:33
MIDI,2240LZ50V878,0881B2000A65,0881B2000A66,0881B2000A67,5/10/2022 9:35
MIDI,2240LZ50V8R8,0881B2000A34,0881B2000A35,0881B2000A36,5/10/2022 5:59
MIDI,2240LZ50V9C8,0881B20009FB,0881B20009FC,0881B20009FD,5/10/2022 4:23
MIDI,2240LZ50VR38,0881B2000D85,0881B2000D86,0881B2000D87,7/10/2022 10:20
MIDI,2240LZ50VSW8,0881B2000CCB,0881B2000CCC,0881B2000CCD,7/10/2022 5:09
MIDI,2240LZ50VTJ8,0881B2000C9E,0881B2000C9F,0881B2000CA0,7/10/2022 3:52
MIDI,2240LZ50VTQ8,0881B2000C8C,0881B2000C8D,0881B2000C8E,7/10/2022 3:17
MIDI,2240LZ50VSE8,0881B2000D13,0881B2000D14,0881B2000D15,7/10/2022 9:44
MIDI,2240LZ50ML38,0881B2000AB3,0881B2000AB4,0881B2000AB5,5/10/2022 10:36
MIDI,2240LZ50V8W8,0881B2000A25,0881B2000A26,0881B2000A27,5/10/2022 5:35
MIDI,2240LZ50V9E8,0881B20009F8,0881B20009F9,0881B20009FA,5/10/2022 4:48
MIDI,2240LZ50MLD8,0881B2000A9E,0881B2000A9F,0881B2000AA0,6/10/2022 0:30
MIDI,2240LZ50VTE8,0881B2000CB0,0881B2000CB1,0881B2000CB2,7/10/2022 4:44
MIDI,2240LZ50VTP8,0881B2000C92,0881B2000C93,0881B2000C94,7/10/2022 3:12
MIDI,2240LZ50V8K8,0881B2000A46,0881B2000A47,0881B2000A48,5/10/2022 7:44
MIDI,2240LZ50VTW8,0881B2000C7C,0881B2000C7D,0881B2000C7E,7/10/2022 2:36
MIDI,2240LZ50ML58,0881B2000AAD,0881B2000AAE,0881B2000AAF,5/10/2022 10:46
MIDI,2240LZ50V7X8,0881B2000A74,0881B2000A75,0881B2000A76,6/10/2022 3:50
MIDI,2240LZ50VS78,0881B2000D40,0881B2000D41,0881B2000D42,8/10/2022 1:01
MIDI,2240LZ50V7M8,0881B2000A92,0881B2000A93,0881B2000A94,5/10/2022 9:49
MIDI,2240LZ50VRC8,0881B2000D7C,0881B2000D7D,0881B2000D7E,7/10/2022 9:52
MIDI,2240LZ50MJD8,0881B2000E02,0881B2000E03,0881B2000E04,8/10/2022 5:18
MIDI,2240LZ50VRL8,0881B2000D4C,0881B2000D4D,0881B2000D4E,8/10/2022 2:15
MIDI,2240LZ50VSQ8,0881B2000CF2,0881B2000CF3,0881B2000CF4,7/10/2022 9:40
MIDI,2240LZ50V8X8,0881B2000A22,0881B2000A23,0881B2000A24,5/10/2022 5:30
MIDI,2240LZ50VRA8,0881B2000D76,0881B2000D77,0881B2000D78,7/10/2022 9:06
MIDI,2240LZ50VRB8,0881B2000D6A,0881B2000D6B,0881B2000D6C,8/10/2022 0:30
MIDI,2240LZ50VVV8,0881B2000BB6,0881B2000BB7,0881B2000BB8,7/10/2022 1:33
MIDI,2240LZ50V908,0881B2000A16,0881B2000A17,0881B2000A18,5/10/2022 5:14
MIDI,2240LZ50VV38,0881B2000C01,0881B2000C02,0881B2000C03,6/10/2022 10:10
MIDI,2240LZ50MJL8,0881B2000B3E,0881B2000B3F,0881B2000B40,6/10/2022 6:29
MIDI,2240LZ50VWN8,0881B2000B6D,0881B2000B6E,0881B2000B6F,6/10/2022 7:27
MIDI,2240LZ50VVB8,0881B2000BE6,0881B2000BE7,0881B2000BE8,6/10/2022 9:09
MIDI,2240LZ50V7W8,0881B2000A7A,0881B2000A7B,0881B2000A7C,5/10/2022 8:57
MIDI,2240LZ50VVM8,0881B2000BD1,0881B2000BD2,0881B2000BD3,6/10/2022 8:32
MIDI,2240LZ50V7T8,0881B2000A80,0881B2000A81,0881B2000A82,7/10/2022 4:20
MIDI,2240LZ50VTY8,0881B2000C76,0881B2000C77,0881B2000C82,7/10/2022 3:25
MIDI,2240LZ50VQB8,0881B2000DDD,0881B2000DDE,0881B2000DDF,8/10/2022 1:35
MIDI,2240LZ50V8V8,0881B2000A28,0881B2000A29,0881B2000A4C,7/10/2022 3:39
MIDI,2240LZ50VRM8,0881B2000D46,0881B2000D47,0881B2000D48,7/10/2022 8:16
MIDI,2240LZ50V958,0881B2000A0A,0881B2000A0B,0881B2000A0C,5/10/2022 4:59
MIDI,2240LZ50VQE8,0881B2000DD4,0881B2000DD5,0881B2000DD6,8/10/2022 1:14
MIDI,2240LZ50ML78,0881B2000AA7,0881B2000AA8,0881B2000AA9,5/10/2022 10:19
MIDI,2240LZ50V978,0881B2000A07,0881B2000A08,0881B2000A09,5/10/2022 4:54
MIDI,2240LZ50MKF8,0881B2000AFE,0881B2000AFF,0881B2000B00,7/10/2022 4:26
MIDI,2240LZ50V8T8,0881B2000A2E,0881B2000A2F,0881B2000A30,5/10/2022 5:45
MIDI,2240LZ50VQA8,0881B2000DE9,0881B2000DEA,0881B2000DEB,8/10/2022 1:46
MIDI,2240LZ50VW98,0881B2000B95,0881B2000B96,0881B2000B97,6/10/2022 9:23
MIDI,2240LZ50MJC8,0881B2000B5B,0881B2000B5C,0881B2000B5D,6/10/2022 5:45
MIDI,2240LZ50MJK8,0881B2000B44,0881B2000B45,0881B2000B46,6/10/2022 5:15
MIDI,2240LZ50MKE8,0881B2000B04,0881B2000B05,0881B2000B06,6/10/2022 2:54
MIDI,2240LZ50V918,0881B2000A13,0881B2000A14,0881B2000A15,5/10/2022 5:49
MIDI,2240LZ50VQH8,0881B2000DC1,0881B2000DC2,0881B2000DC3,7/10/2022 11:02
MIDI,2240LZ50MJH8,0881B2000B47,0881B2000B48,0881B2000B49,6/10/2022 5:19
MIDI,2240LZ50MJG8,0881B2000B4A,0881B2000B4B,0881B2000B4C,6/10/2022 5:24
MIDI,2240LZ50MK98,0881B2000AF5,0881B2000AF6,0881B2000AF7,6/10/2022 4:05
MIDI,2240LZ50VR78,0881B2000D82,0881B2000D83,0881B2000D84,8/10/2022 0:51
MIDI,2240LZ50VSZ8,0881B2000DCD,0881B2000DCE,0881B2000DCF,8/10/2022 0:57
MIDI,2240LZ50MKP8,0881B2000AD7,0881B2000AD8,0881B2000AD9,6/10/2022 2:43
MIDI,2240LZ50MKG8,0881B2000AE9,0881B2000AEA,0881B2000AEB,6/10/2022 4:15
MIDI,2240LZ50MKZ8,0881B2000ABC,0881B2000ABD,0881B2000ABE,5/10/2022 10:51
MIDI,2240LZ50VUS8,0881B2000C22,0881B2000C23,0881B2000C24,6/10/2022 10:53
MIDI,2240LZ50MKJ8,0881B2000AE6,0881B2000AE7,0881B2000AE8,7/10/2022 0:22
MIDI,2240LZ50MK28,0881B2000B61,0881B2000B62,0881B2000B63,6/10/2022 6:35
MIDI,2240LZ50MKR8,0881B2000AD1,0881B2000AD2,0881B2000AD3,6/10/2022 1:02
MIDI,2240LZ50VWB8,0881B2000E15,0881B2000E16,0881B2000E17,8/10/2022 6:59
MIDI,2240LZ50VTZ8,0881B2000C73,0881B2000C74,0881B2000C75,7/10/2022 3:29
MIDI,2240LZ50MKU8,0881B2000AC8,0881B2000AC9,0881B2000ACA,5/10/2022 11:05
MIDI,2240LZ50VWU8,0881B2000B58,0881B2000B59,0881B2000B5A,6/10/2022 5:40
MIDI,2240LZ50VQQ8,0881B2000DAC,0881B2000DAD,0881B2000DAE,7/10/2022 10:38
MIDI,2240LZ50MKV8,0881B2000AC5,0881B2000AC6,0881B2000AC7,5/10/2022 11:09
MIDI,2240LZ50MJB8,0881B2000B5E,0881B2000B5F,0881B2000B60,6/10/2022 5:49
MIDI,2240LZ50MJM8,0881B2000B3B,0881B2000B3C,0881B2000B3D,6/10/2022 5:07
MIDI,2240LZ50VSB8,0881B2000CFE,0881B2000CFF,0881B2000D00,7/10/2022 6:47
MIDI,2240LZ50VVU8,0881B2000BBC,0881B2000BBD,0881B2000BBE,6/10/2022 8:15
MIDI,2240LZ50VSM8,0881B2000D04,0881B2000D05,0881B2000D06,7/10/2022 7:05
MIDI,2240LZ50VS98,0881B2000D1F,0881B2000D20,0881B2000D21,8/10/2022 2:37
MIDI,2240LZ50VUX8,0881B2000C13,0881B2000C14,0881B2000C15,6/10/2022 10:32
MIDI,2240LZ50VQL8,0881B2000DB8,0881B2000DB9,0881B2000DBA,7/10/2022 10:55
MIDI,2240LZ50MKQ8,0881B2000AD4,0881B2000AD5,0881B2000AD6,6/10/2022 3:04
MIDI,2240LZ50VVN8,0881B2000BCB,0881B2000BCC,0881B2000BCD,8/10/2022 4:00
MIDI,2240LZ50ML08,0881B2000AB9,0881B2000ABA,0881B2000ABB,6/10/2022 3:32
MIDI,2240LZ50VW58,0881B2000B9B,0881B2000B9C,0881B2000B9D,6/10/2022 9:49
MIDI,2240LZ50VVZ8,0881B2000BAD,0881B2000BAE,0881B2000BAF,6/10/2022 9:19
MIDI,2240LZ50MKS8,0881B2000ACE,0881B2000ACF,0881B2000AD0,6/10/2022 3:24
MIDI,2240LZ50VVJ8,0881B2000BD4,0881B2000BD5,0881B2000BD6,6/10/2022 8:44
MIDI,2240LZ50ML48,0881B2000AB0,0881B2000AB1,0881B2000AB2,6/10/2022 0:58
MIDI,2240LZ50VRK8,0881B2000DCA,0881B2000DCB,0881B2000DCC,8/10/2022 0:39
MIDI,2240LZ50VU18,0881B2000C6D,0881B2000C6E,0881B2000C6F,7/10/2022 2:19
MIDI,2240LZ50VRS8,0881B2000D3D,0881B2000D3E,0881B2000D3F,8/10/2022 2:02
MIDI,2240LZ50VRX8,0881B2000D28,0881B2000D29,0881B2000D2A,7/10/2022 9:32
MIDI,2240LZ50VUR8,0881B2000C25,0881B2000C26,0881B2000C27,6/10/2022 10:49
MIDI,2240LZ50VUH8,0881B2000C3F,0881B2000C40,0881B2000C41,7/10/2022 0:39
MIDI,2240LZ50MLE8,0881B2000A9B,0881B2000A9C,0881B2000A9D,5/10/2022 10:14
MIDI,2240LZ50VVC8,0881B2000BF2,0881B2000BF3,0881B2000BF4,7/10/2022 1:41
MIDI,2240LZ50VSS8,0881B2000CE9,0881B2000CEA,0881B2000CEB,7/10/2022 9:19
MIDI,2240LZ50ML68,0881B2000AAA,0881B2000AAB,0881B2000AAC,6/10/2022 0:45
MIDI,2240LZ50MKN8,0881B2000ADA,0881B2000ADB,0881B2000ADC,6/10/2022 2:59
MIDI,2240LZ50VQ88,0881B2000DE3,0881B2000DE4,0881B2000DE5,8/10/2022 1:41
MIDI,2240LZ50MKH8,0881B2000AE3,0881B2000AE4,0881B2000AE5,6/10/2022 3:54
MIDI,2240LZ50MKX8,0881B2000AC2,0881B2000AC3,0881B2000AC4,5/10/2022 11:00
MIDI,2240LZ50VVR8,0881B2000BC5,0881B2000BC6,0881B2000BC7,7/10/2022 1:21
MIDI,2240LZ50V898,0881B2000A5F,0881B2000A60,0881B2000A61,5/10/2022 8:06
MIDI,2240LZ50VV08,0881B2000C10,0881B2000C11,0881B2000C12,6/10/2022 10:26
MIDI,2240LZ50VQU8,0881B2000DED,0881B2000DEE,0881B2000DEF,8/10/2022 2:47
MIDI,2240LZ50MKL8,0881B2000ADD,0881B2000ADE,0881B2000ADF,6/10/2022 1:11
MIDI,2240LZ50ML98,0881B2000AA4,0881B2000AA5,0881B2000AA6,7/10/2022 1:25
MIDI,2240LZ50MKY8,0881B2000ABF,0881B2000AC0,0881B2000AC1,5/10/2022 10:55
MIDI,2240LZ50V8D8,0881B2000A56,0881B2000A57,0881B2000A58,5/10/2022 7:39
MIDI,2240LZ50VV68,0881B2000BF8,0881B2000BF9,0881B2000BFA,7/10/2022 1:01
MIDI,2240LZ50VWL8,0881B2000B76,0881B2000B77,0881B2000B78,6/10/2022 6:48
MIDI,2240LZ50VVF8,0881B2000BDD,0881B2000BDE,0881B2000BDF,6/10/2022 9:00
MIDI,2240LZ50VUK8,0881B2000AA1,0881B2000AA2,0881B2000AA3,8/10/2022 5:14
MIDI,2240LZ50VVH8,0881B2000BD7,0881B2000BD8,0881B2000BD9,8/10/2022 4:08
MIDI,2240LZ50VVX8,0881B2000BB0,0881B2000BB1,0881B2000BB2,6/10/2022 8:03
MIDI,2240LZ50VWF8,0881B2000B83,0881B2000B84,0881B2000B85,6/10/2022 6:57
MIDI,2240LZ50VUW8,0881B2000C16,0881B2000C17,0881B2000C18,7/10/2022 0:17
MIDI,2240LZ50VWJ8,0881B2000B79,0881B2000B7A,0881B2000B7B,6/10/2022 6:21
MIDI,2240LZ50VV88,0881B2000BEC,0881B2000BED,0881B2000BEE,6/10/2022 9:14
MIDI,2240LZ50VWK8,0881B2000B73,0881B2000B74,0881B2000B75,6/10/2022 6:16
MIDI,2240LZ50VWA8,0881B2000B92,0881B2000B93,0881B2000B94,6/10/2022 7:18
MIDI,2240LZ50VVT8,0881B2000BC2,0881B2000BC3,0881B2000BC4,6/10/2022 8:19
MIDI,2240LZ50VWG8,0881B2000B7F,0881B2000B80,0881B2000B81,6/10/2022 6:53
MIDI,2240LZ50MJJ8,0881B2000B41,0881B2000B42,0881B2000B43,6/10/2022 5:11
MIDI,2240LZ50VWD8,0881B2000B89,0881B2000B8A,0881B2000B8B,6/10/2022 7:08
MIDI,2240LZ50VVY8,0881B2000BB3,0881B2000BB4,0881B2000BB5,7/10/2022 1:17
MIDI,2240LZ50VQF8,0881B2000DD1,0881B2000DD2,0881B2000DD3,8/10/2022 1:30
MIDI,2240LZ50VW78,0881B2000DF0,0881B2000DF1,0881B2000DF2,8/10/2022 3:45
MIDI,2240LZ50V7N8,0881B2000A8F,0881B2000A90,0881B2000A91,6/10/2022 0:38
MIDI,2240LZ50VWR8,0881B2000B64,0881B2000B65,0881B2000B66,6/10/2022 5:54
MIDI,2240LZ50VQB8,0881B2000DFC,0881B2000DFD,0881B2000DFE,8/10/2022 5:05
MIDI,2240LZ50VWT8,0881B2000B70,0881B2000B71,0881B2000B72,6/10/2022 6:08
MIDI,2240LZ50MJN8,0881B2000B35,0881B2000B36,0881B2000B37,6/10/2022 5:03
MIDI,2240LZ50VRU8,0881B2000D25,0881B2000D26,0881B2000D27,7/10/2022 7:38
MIDI,2240LZ50V7Q8,0881B2000A89,0881B2000A8A,0881B2000A8B,5/10/2022 9:31
MIDI,2240LZ50VWE8,0881B2000B86,0881B2000B87,0881B2000B88,6/10/2022 7:01
MIDI,2240LZ50VWC8,0881B2000B8C,0881B2000B8D,0881B2000B8E,6/10/2022 7:13
MIDI,2240LZ50MJR8,0881B2000B38,0881B2000B39,0881B2000B3A,6/10/2022 5:32
MIDI,2240LZ50VQM8,0881B2000DB5,0881B2000DB6,0881B2000DB7,8/10/2022 0:06
MIDI,2240LZ50MKK8,0881B2000AE0,0881B2000AE1,0881B2000B16,8/10/2022 3:01
MIDI,2240LZ50VV28,0881B2000C07,0881B2000C08,0881B2000C09,6/10/2022 10:18
MIDI,2240LZ50MJV8,0881B2000B26,0881B2000B27,0881B2000B28,6/10/2022 4:42
MIDI,2240LZ50VW48,0881B2000B9E,0881B2000B9F,0881B2000BA0,6/10/2022 8:37
MIDI,2240LZ50VRD8,0881B2000B8F,0881B2000B90,0881B2000B91,8/10/2022 5:37
MIDI,2240LZ50V8Q8,0881B2000A37,0881B2000A38,0881B2000A39,5/10/2022 6:03
MIDI,2240LZ50MJQ8,0881B2000B2F,0881B2000B30,0881B2000B31,6/10/2022 4:50
MIDI,2240LZ50V928,0881B2000A19,0881B2000A1A,0881B2000A1B,5/10/2022 5:19
MIDI,2240LZ50VQN8,0881B2000DB2,0881B2000DB3,0881B2000DB4,7/10/2022 10:47
MIDI,2240LZ50VQC8,0881B2000DDA,0881B2000DDB,0881B2000DDC,8/10/2022 1:23
MIDI,2240LZ50VQV8,0881B2000DA3,0881B2000DA4,0881B2000DA5,8/10/2022 0:19
MIDI,2240LZ50VVE8,0881B2000BE0,0881B2000BE1,0881B2000BE2,6/10/2022 9:05
MIDI,2240LZ50V7P8,0881B2000A8C,0881B2000A8D,0881B2000A8E,5/10/2022 9:40
MIDI,2240LZ50VUQ8,0881B2000C28,0881B2000C29,0881B2000C2A,6/10/2022 10:57
MIDI,2240LZ50MKL8,0881B2000DFF,0881B2000E00,0881B2000E01,8/10/2022 5:09
MIDI,2240LZ50VUG8,0881B2000C42,0881B2000C43,0881B2000C44,7/10/2022 0:47
MIDI,2240LZ50MLG8,0881B2000A95,0881B2000A96,0881B2000A97,7/10/2022 0:13
MIDI,2240LZ50VW28,0881B2000E05,0881B2000E06,0881B2000E07,8/10/2022 5:42
MIDI,2240LZ50V8S8,0881B2000A31,0881B2000A32,0881B2000A33,5/10/2022 5:54
MIDI,2240LZ50VUV8,0881B2000C19,0881B2000C1A,0881B2000C1B,6/10/2022 10:36
MIDI,2240LZ50V8L8,0881B2000A43,0881B2000A44,0881B2000A45,5/10/2022 7:48
MIDI,2240LZ50VU68,0881B2000DF9,0881B2000DFA,0881B2000DFB,8/10/2022 4:56
MIDI,2240LZ50VV98,0881B2000BF5,0881B2000BF6,0881B2000BF7,6/10/2022 9:57
MIDI,2240LZ50VUU8,0881B2000C1C,0881B2000C1D,0881B2000C1E,6/10/2022 10:44
MIDI,2240LZ50VQ88,0881B2000BA4,0881B2000BA5,0881B2000BA6,8/10/2022 5:28
MIDI,2240LZ50MK38,0881B2000B10,0881B2000B11,0881B2000B12,6/10/2022 6:40
MIDI,2240LZ50MK48,0881B2000B0D,0881B2000B0E,0881B2000B0F,6/10/2022 6:25
MIDI,2240LZ50V998,0881B2000A01,0881B2000A02,0881B2000A03,5/10/2022 4:35
MIDI,2240LZ50VUL8,0881B2000C39,0881B2000C3A,0881B2000C3B,7/10/2022 0:35
MIDI,2240LZ50VQ98,0881B2000DE0,0881B2000DE1,0881B2000DEC,8/10/2022 1:54
MIDI,2240LZ50VUN8,0881B2000C31,0881B2000C32,0881B2000C33,7/10/2022 0:05
MIDI,2240LZ50VUY8,0881B2000C0D,0881B2000C0E,0881B2000C0F,6/10/2022 10:22
MIDI,2240LZ50VS58,0881B2000D67,0881B2000D68,0881B2000D69,7/10/2022 8:53
MIDI,2240LZ50V8Z8,0881B2000A1C,0881B2000A1D,0881B2000A1E,5/10/2022 6:08
MIDI,2240LZ50VU98,0881B2000C57,0881B2000C58,0881B2000C59,7/10/2022 1:54
MIDI,2240LZ50VTT8,0881B2000C8F,0881B2000C90,0881B2000C91,7/10/2022 3:00
MIDI,2240LZ50VUZ8,0881B2000C0A,0881B2000C0B,0881B2000C0C,7/10/2022 1:37
MIDI,2240LZ50VQ78,0881B2000DE6,0881B2000DE7,0881B2000DE8,8/10/2022 1:50
MIDI,2240LZ50VW88,0881B2000C2E,0881B2000C2F,0881B2000C30,7/10/2022 0:01
MIDI,2240LZ50V948,0881B2000A10,0881B2000A11,0881B2000A12,5/10/2022 5:09
MIDI,2240LZ50V8M8,0881B2000A40,0881B2000A41,0881B2000A42,5/10/2022 7:07
MIDI,2240LZ50MK58,0881B2000B0A,0881B2000B0B,0881B2000B0C,6/10/2022 3:13
MIDI,2240LZ50VUF8,0881B2000C45,0881B2000C46,0881B2000C47,7/10/2022 1:05
MIDI,2240LZ50VUD8,0881B2000C4B,0881B2000C4C,0881B2000C4D,7/10/2022 0:56
MIDI,2240LZ50VVL8,0881B2000DF6,0881B2000DF7,0881B2000DF8,8/10/2022 4:04
MIDI,2240LZ50VVS8,0881B2000BBF,0881B2000BC0,0881B2000BC1,7/10/2022 1:29
MIDI,2240LZ50VWQ8,0881B2000B6A,0881B2000B6B,0881B2000B6C,6/10/2022 6:02
MIDI,2240LZ50VVP8,0881B2000BCE,0881B2000BCF,0881B2000BD0,6/10/2022 9:44
MIDI,2240LZ50MJZ8,0881B2000B17,0881B2000B18,0881B2000B19,6/10/2022 4:28
MIDI,2240LZ50VUP8,0881B2000C2B,0881B2000C2C,0881B2000C2D,6/10/2022 11:01
MIDI,2240LZ50MJX8,0881B2000B1D,0881B2000B1E,0881B2000B1F,6/10/2022 6:44
MIDI,2240LZ50VRE8,0881B2000D61,0881B2000D62,0881B2000D63,7/10/2022 8:43
MIDI,2240LZ50VRG8,0881B2000D58,0881B2000D59,0881B2000D5A,7/10/2022 8:34
MIDI,2240LZ50VQJ8,0881B2000DBE,0881B2000DBF,0881B2000DD0,8/10/2022 2:51
MIDI,2240LZ50MK08,0881B2000B13,0881B2000B14,0881B2000B15,6/10/2022 4:11
MIDI,2240LZ50MJF8,0881B2000B4D,0881B2000B4E,0881B2000B4F,6/10/2022 5:28
MIDI,2240LZ50VR68,0881B2000D79,0881B2000D7A,0881B2000D7B,8/10/2022 2:24
MIDI,2240LZ50MJE8,0881B2000B50,0881B2000B51,0881B2000B52,6/10/2022 6:12
MIDI,2240LZ50MKA8,0881B2000AEF,0881B2000AF0,0881B2000AF1,6/10/2022 9:27
MIDI,2240LZ50MJY8,0881B2000B1A,0881B2000B1B,0881B2000B1C,6/10/2022 4:19
MIDI,2240LZ50MKD8,0881B2000AFB,0881B2000AFC,0881B2000AFD,6/10/2022 3:28
MIDI,2240LZ50MK88,0881B2000AEC,0881B2000AED,0881B2000AEE,6/10/2022 9:31
MIDI,2240LZ50VS48,0881B2000D49,0881B2000D4A,0881B2000D4B,7/10/2022 8:26
MIDI,2240LZ50MK78,0881B2000B01,0881B2000B02,0881B2000B03,6/10/2022 2:47
MIDI,2240LZ50VR88,0881B2000D73,0881B2000D74,0881B2000D75,7/10/2022 9:01
MIDI,2240LZ50VUB8,0881B2000C51,0881B2000C52,0881B2000C53,7/10/2022 2:02
MIDI,2240LZ50MJW8,0881B2000B2C,0881B2000B2D,0881B2000B2E,6/10/2022 5:36
MIDI,2240LZ50V8U8,0881B2000A2B,0881B2000A2C,0881B2000A2D,5/10/2022 5:40
MIDI,2240LZ50VUE8,0881B2000C48,0881B2000C49,0881B2000C4A,7/10/2022 0:52
MIDI,2240LZ50MKB8,0881B2000AF2,0881B2000AF3,0881B2000AF4,7/10/2022 1:09
MIDI,2240LZ50V888,0881B2000A62,0881B2000A63,0881B2000A64,5/10/2022 8:10
MIDI,2240LZ50MJS8,0881B2000B29,0881B2000B2A,0881B2000B2B,6/10/2022 4:46
MIDI,2240LZ50V8B8,0881B2000A59,0881B2000A5A,0881B2000A5B,5/10/2022 7:53
MIDI,2240LZ50MJT8,0881B2000B23,0881B2000B24,0881B2000B25,6/10/2022 4:32
MIDI,2240LZ50MJU8,0881B2000B20,0881B2000B21,0881B2000B22,6/10/2022 4:59
MIDI,2240LZ50VRP8,0881B2000D34,0881B2000D35,0881B2000D36,7/10/2022 8:07
MIDI,2240LZ50VV58,0881B2000BFB,0881B2000BFC,0881B2000BFD,6/10/2022 10:01
MIDI,2240LZ50VUC8,0881B2000C4E,0881B2000C4F,0881B2000C50,7/10/2022 3:04
MIDI,2240LZ50VV48,0881B2000BFE,0881B2000BFF,0881B2000C00,6/10/2022 10:06
MIDI,2240LZ50V8H8,0881B2000A4D,0881B2000A4E,0881B2000A4F,5/10/2022 7:15
MIDI,2240LZ50VW08,0881B2000BAA,0881B2000BAB,0881B2000BAC,6/10/2022 7:54
MIDI,2240LZ50V8J8,0881B2000A49,0881B2000A4A,0881B2000A4B,6/10/2022 3:42
MIDI,2240LZ50VTV8,0881B2000C7F,0881B2000C80,0881B2000C81,7/10/2022 2:42
MIDI,2240LZ50VQG8,0881B2000DC4,0881B2000DC5,0881B2000DC6,8/10/2022 0:15
MIDI,2240LZ50VRQ8,0881B2000D37,0881B2000D38,0881B2000D39,7/10/2022 9:10
MIDI,2240LZ50VW38,0881B2000BA1,0881B2000BA2,0881B2000BA3,6/10/2022 7:59
MIDI,2240LZ50VVW8,0881B2000BB9,0881B2000BBA,0881B2000BBB,6/10/2022 8:08
MIDI,2240LZ50MJP8,0881B2000B32,0881B2000B33,0881B2000B34,6/10/2022 4:54
MIDI,2240LZ50VW18,0881B2000BA7,0881B2000BA8,0881B2000BA9,6/10/2022 9:40
MIDI,2240LZ50VSF8,0881B2000D10,0881B2000D11,0881B2000D12,7/10/2022 7:13
MIDI,2240LZ50VR98,0881B2000D6D,0881B2000D6E,0881B2000D6F,7/10/2022 8:57
MIDI,2240LZ50VR58,0881B2000D94,0881B2000D95,0881B2000D96,7/10/2022 10:33
MIDI,2240LZ50VUM8,0881B2000C34,0881B2000C35,0881B2000C36,7/10/2022 0:09
MIDI,2240LZ50VT18,0881B2000CC8,0881B2000CC9,0881B2000CCA,7/10/2022 5:05
MIDI,2240LZ50VUJ8,0881B2000C3C,0881B2000C3D,0881B2000C3E,7/10/2022 0:43
MIDI,2240LZ50MKC8,0881B2000AF8,0881B2000AF9,0881B2000AFA,7/10/2022 4:39
MIDI,2240LZ50VR48,0881B2000D88,0881B2000D89,0881B2000D8A,7/10/2022 10:00
MIDI,2240LZ50VS88,0881B2000D0D,0881B2000D0E,0881B2000D0F,8/10/2022 2:11
MIDI,2240LZ50VUT8,0881B2000C1F,0881B2000C20,0881B2000C21,6/10/2022 10:40
MIDI,2240LZ50V9A8,0881B20009FE,0881B20009FF,0881B2000A00,5/10/2022 4:29
MIDI,2240LZ50VV18,0881B2000C04,0881B2000C05,0881B2000C06,6/10/2022 10:14
MIDI,2240LZ50VSR8,0881B2000CDA,0881B2000CDB,0881B2000CDC,7/10/2022 5:27
MIDI,2240LZ50VRN8,0881B2000D3A,0881B2000D3B,0881B2000D3C,7/10/2022 8:03
MIDI,2240LZ50V848,0881B2000A6E,0881B2000A6F,0881B2000A70,5/10/2022 8:38
MIDI,2240LZ50VRZ8,0881B2000D16,0881B2000D17,0881B2000D18,7/10/2022 7:17
MIDI,2240LZ50VRW8,0881B2000D22,0881B2000D23,0881B2000D24,7/10/2022 7:30
MIDI,2240LZ50VS08,0881B2000D55,0881B2000D56,0881B2000D57,7/10/2022 9:28
MIDI,2240LZ50VRY8,0881B2000D1C,0881B2000D1D,0881B2000D1E,7/10/2022 7:21
MIDI,2240LZ50VRH8,0881B2000D4F,0881B2000D50,0881B2000D51,7/10/2022 8:30
MIDI,2240LZ50VQY8,0881B2000D91,0881B2000D92,0881B2000D93,8/10/2022 1:06
MIDI,2240LZ50VWH8,0881B2000B7C,0881B2000B7D,0881B2000B7E,6/10/2022 7:35
MIDI,2240LZ50VTC8,0881B2000CB6,0881B2000CB7,0881B2000CB8,7/10/2022 4:35
MIDI,2240LZ50VQR8,0881B2000DA9,0881B2000DAA,0881B2000DAB,8/10/2022 2:06
MIDI,2240LZ50MKT8,0881B2000ACB,0881B2000ACC,0881B2000ACD,6/10/2022 1:07
MIDI,2240LZ50VQT8,0881B2000DA0,0881B2000DA1,0881B2000DA2,7/10/2022 10:25
MIDI,2240LZ50VU48,0881B2000C64,0881B2000C65,0881B2000C66,7/10/2022 2:10
MIDI,2240LZ50VU78,0881B2000C5D,0881B2000C5E,0881B2000C5F,7/10/2022 1:50
MIDI,2240LZ50VRJ8,0881B2000D52,0881B2000D53,0881B2000D54,7/10/2022 9:48
MIDI,2240LZ50VRR8,0881B2000D2E,0881B2000D2F,0881B2000D30,7/10/2022 7:59
MIDI,2240LZ50VRT8,0881B2000D31,0881B2000D32,0881B2000D33,7/10/2022 9:14
MIDI,2240LZ50VSG8,0881B2000D64,0881B2000D65,0881B2000D66,7/10/2022 8:47
MIDI,2240LZ50VU08,0881B2000C70,0881B2000C71,0881B2000C72,7/10/2022 2:27
MIDI,2240LZ50VSA8,0881B2000D01,0881B2000D02,0881B2000D03,7/10/2022 10:15
MIDI,2240LZ50VS18,0881B2000D19,0881B2000D1A,0881B2000D1B,7/10/2022 7:25
MIDI,2240LZ50VQP8,0881B2000DAF,0881B2000DB0,0881B2000DB1,7/10/2022 10:43
MIDI,2240LZ50VQK8,0881B2000DBB,0881B2000DBC,0881B2000DBD,7/10/2022 10:58
MIDI,2240LZ50VQD8,0881B2000DD7,0881B2000DD8,0881B2000DD9,8/10/2022 1:18
MIDI,2240LZ50VQX8,0881B2000D97,0881B2000D98,0881B2000D99,8/10/2022 1:58
MIDI,2240LZ50VT08,0881B2000CCE,0881B2000CCF,0881B2000CD0,7/10/2022 5:22
MIDI,2240LZ50VQS8,0881B2000DA6,0881B2000DA7,0881B2000DA8,7/10/2022 23:59
MIDI,2240LZ50VTA8,0881B2000CBC,0881B2000CBD,0881B2000CBE,7/10/2022 4:52
MIDI,2240LZ50VT98,0881B2000D70,0881B2000D71,0881B2000D72,8/10/2022 0:43
MIDI,2240LZ50VU58,0881B2000C60,0881B2000C61,0881B2000C63,7/10/2022 2:05
MIDI,2240LZ50VT38,0881B2000CBF,0881B2000CC0,0881B2000CC1,7/10/2022 5:51
MIDI,2240LZ50VT48,0881B2000CB9,0881B2000CBA,0881B2000CBB,7/10/2022 4:48
MIDI,2240LZ50VT28,0881B2000CDD,0881B2000CDE,0881B2000CDF,7/10/2022 5:42
MIDI,2240LZ50VRV8,0881B2000D2B,0881B2000D2C,0881B2000D2D,7/10/2022 7:42
MIDI,2240LZ50VUA8,0881B2000C54,0881B2000C55,0881B2000C56,7/10/2022 1:58
MIDI,2240LZ50VSJ8,0881B2000CEC,0881B2000CED,0881B2000CEE,7/10/2022 5:47
MIDI,2240LZ50MLB8,0881B2000E0B,0881B2000E0C,0881B2000E0D,8/10/2022 5:57
MIDI,2240LZ50VV78,0881B2000BEF,0881B2000BF0,0881B2000BF1,6/10/2022 9:53
MIDI,2240LZ50VRF8,0881B2000D7F,0881B2000D80,0881B2000D81,7/10/2022 9:56
MIDI,2240LZ50VSL8,0881B2000CF8,0881B2000CF9,0881B2000CFA,7/10/2022 6:02
MIDI,2240LZ50VU88,0881B2000C5A,0881B2000C5B,0881B2000C5C,7/10/2022 1:46
MIDI,2240LZ50VTN8,0881B2000C95,0881B2000C96,0881B2000C97,7/10/2022 3:08
MIDI,2240LZ50VS68,0881B2000D0A,0881B2000D0B,0881B2000D0C,8/10/2022 5:31
MIDI,2240LZ50VSC8,0881B2000D43,0881B2000D44,0881B2000D45,7/10/2022 8:12
MIDI,2240LZ50VTG8,0881B2000CA7,0881B2000CA8,0881B2000CA9,7/10/2022 4:02
MIDI,2240LZ50VSP8,0881B2000CE6,0881B2000CE7,0881B2000CE8,7/10/2022 9:23
MIDI,2240LZ50VSH8,0881B2000CEF,0881B2000CF0,0881B2000CF1,7/10/2022 7:55
MIDI,2240LZ50VSU8,0881B2000D07,0881B2000D08,0881B2000D09,7/10/2022 7:34
MIDI,2240LZ50VTX8,0881B2000C79,0881B2000C7A,0881B2000C7B,7/10/2022 2:32
MIDI,2240LZ50VTF8,0881B2000CAA,0881B2000CAB,0881B2000CAC,7/10/2022 4:10
MIDI,2240LZ50VWP8,0881B2000B67,0881B2000B68,0881B2000B69,6/10/2022 5:58
MIDI,2240LZ50VU38,0881B2000C67,0881B2000C68,0881B2000C69,7/10/2022 2:14
MIDI,2240LZ50VVD8,0881B2000BE3,0881B2000BE4,0881B2000BE5,6/10/2022 9:36
MIDI,2240LZ50VW68,0881B2000B98,0881B2000B99,0881B2000B9A,6/10/2022 7:39
MIDI,2240LZ50VVA8,0881B2000BE9,0881B2000BEA,0881B2000BEB,7/10/2022 1:13
MIDI,2240LZ50MJD8,0881B2000B53,0881B2000C37,0881B2000C38,7/10/2022 0:26
MIDI,2240LZ50VSX8,0881B2000DF3,0881B2000DF4,0881B2000DF5,8/10/2022 3:55
MIDI,2240LZ50VSV8,0881B2000CD1,0881B2000CD2,0881B2000CD3,7/10/2022 5:14
MIDI,2240LZ50VVG8,0881B2000BDA,0881B2000BDB,0881B2000BDC,6/10/2022 8:55
MIDI,2240LZ50VT88,0881B2000CD7,0881B2000CD8,0881B2000CD9,8/10/2022 0:03
MIDI,2240LZ50MK68,0881B2000B07,0881B2000B08,0881B2000B09,6/10/2022 3:09
MIDI,2240LZ50VS38,0881B2000D5B,0881B2000D5C,0881B2000D5D,7/10/2022 8:39
MIDI,2240LZ50VS28,0881B2000D5E,0881B2000D5F,0881B2000D60,7/10/2022 9:36
MIDI,2240LZ50VU28,0881B2000C6A,0881B2000C6B,0881B2000C6C,7/10/2022 2:23
MIDI,2240LZ50V988,0881B2000A04,0881B2000A05,0881B2000A06,5/10/2022 4:41
MIDI,2240LZ50VT68,0881B2000CC2,0881B2000CC3,0881B2000CC4,7/10/2022 4:56
MIDI,2240LZ50V9G8,0881B20009F2,0881B20009F3,0881B20009F4,5/10/2022 4:08
MIDI,2240LZ50VTU8,0881B2000C83,0881B2000C84,0881B2000C85,7/10/2022 2:51
MIDI,2240LZ50VSD8,0881B2000CFB,0881B2000CFC,0881B2000CFD,7/10/2022 6:06
MIDI,2240LZ50V8P8,0881B2000A3A,0881B2000A3B,0881B2000A3C,5/10/2022 6:46
MIDI,2240LZ50V8Y8,0881B2000A1F,0881B2000A20,0881B2000A21,5/10/2022 5:24
MIDI,2240LZ50V8E8,0881B2000A53,0881B2000A54,0881B2000A55,5/10/2022 7:22
MIDI,2240LZ50VTD8,0881B2000CAD,0881B2000CAE,0881B2000CAF,7/10/2022 4:14
MIDI,2240LZ50VST8,0881B2000CD4,0881B2000CD5,0881B2000CD6,7/10/2022 5:18
MIDI,2240LZ50V9F8,0881B20009F5,0881B20009F6,0881B20009F7,5/10/2022 4:15
MIDI,2240LZ50VSY8,0881B2000CE0,0881B2000CE1,0881B2000CE2,7/10/2022 5:33
MIDI,2240LZ50V938,0881B2000A0D,0881B2000A0E,0881B2000A0F,5/10/2022 5:04
MIDI,2240LZ50V8N8,0881B2000A3D,0881B2000A3E,0881B2000A3F,5/10/2022 7:29
MIDI,2240LZ50VTB8,0881B2000CB3,0881B2000CB4,0881B2000CB5,7/10/2022 4:30
MIDI,2240LZ50VT58,0881B2000DC7,0881B2000DC8,0881B2000DC9,8/10/2022 0:26
MIDI,2240LZ50ML28,0881B2000AB6,0881B2000AB7,0881B2000AB8,5/10/2022 10:41
MIDI,2240LZ50VQW8,0881B2000D9A,0881B2000D9B,0881B2000D9C,8/10/2022 2:42
MIDI,2240LZ50VQZ8,0881B2000D8E,0881B2000D8F,0881B2000D90,7/10/2022 10:04
MIDI,2240LZ50VR08,0881B2000D8B,0881B2000D8C,0881B2000D8D,8/10/2022 2:32
MIDI,2240LZ50V9F8,0881B2000A71,0881B2000A72,0881B2000A73,7/10/2022 3:44
MIDI,2240LZ50VTB8,0881B2000E08,0881B2000E09,0881B2000E0E,8/10/2022 6:05
